turn,player,score_a,score_b,card_0,card_1,card_2,action,card_drawn,src_0,dst_0,src_1,dst_1
0,0,0,0,mobilize,capture,mobilize,-1,None,-1,-1,-1,-1
1,1,0,0,swap,capture,mobilize,0,swap,1-0,1-1,3-0,3-1
2,0,0,0,swap,capture,move1,2,move1,2-4,2-3,3-4,3-3
3,1,0,0,swap,capture,mobilize,2,mobilize,1-1,2-1,-1,-1
4,0,0,1,swap,capture,move2,2,move2,1-4,1-3,2-3,2-2
5,1,3,1,swap,capture,move2,1,capture,2-1,2-2,-1,-1
6,0,3,1,swap,capture,move2,2,move2,3-3,4-3,-1,-1
7,1,4,1,swap,capture,capture,2,capture,3-1,2-2,-1,-1
8,0,4,2,move1,capture,capture,0,move1,1-4,2-2,-1,-1
9,1,7,2,move1,move1,capture,1,move1,1-4,1-3,-1,-1
10,0,7,6,move1,move1,move2,2,move2,2-4,1-4,-1,-1
11,1,7,6,move1,move1,move1,2,move1,1-0,1-1,-1,-1
12,0,7,7,move1,move1,capture,2,capture,2-4,2-3,-1,-1
13,1,10,7,move1,move1,capture,2,capture,2-1,2-2,-1,-1
14,0,10,7,move2,move1,capture,0,move2,2-3,3-3,-1,-1
15,1,11,7,move2,move1,capture,0,move2,1-1,2-2,-1,-1
16,0,11,7,swap,move1,capture,0,swap,1-4,2-3,-1,-1
17,1,15,7,swap,move1,swap,2,swap,2-2,2-3,-1,-1
18,0,15,8,swap,move1,move1,2,move1,1-4,2-2,-1,-1
19,1,15,8,move1,move1,move1,0,move1,1-4,3-3,-1,-1
20,0,15,9,move1,move1,move1,1,move1,1-4,2-4,-1,-1
21,1,15,9,move2,move1,move1,0,move2,3-3,3-2,-1,-1
22,0,15,10,move2,move1,mobilize,2,mobilize,2-4,1-4,-1,-1
23,1,15,10,move1,move1,mobilize,0,move1,3-2,3-1,-1,-1
24,0,15,11,move1,mobilize,mobilize,1,mobilize,1-4,1-3,-1,-1
25,1,15,11,swap,mobilize,mobilize,0,swap,3-1,3-0,-1,-1
26,0,15,12,swap,move1,mobilize,1,move1,1-3,2-3,4-3,3-3
27,1,16,12,swap,move1,mobilize,0,swap,3-0,2-2,-1,-1
28,0,16,13,capture,move1,mobilize,0,capture,3-0,2-2,-1,-1
29,1,19,13,move1,move1,mobilize,0,move1,2-1,2-2,-1,-1
30,0,19,14,move1,move1,mobilize,2,mobilize,2-3,2-2,3-3,3-4
31,1,19,14,move1,move1,mobilize,0,move1,3-0,3-1,-1,-1
32,0,19,15,move1,move2,mobilize,1,move2,1-4,1-3,-1,-1
33,1,19,15,move1,move1,mobilize,1,move1,2-0,3-0,-1,-1
34,0,19,16,capture,move1,mobilize,0,capture,3-4,3-3,-1,-1
35,1,22,16,swap,move1,mobilize,0,swap,3-1,3-3,3-0,-1
36,0,22,17,swap,move1,move2,2,move2,1-3,1-2,1-4,2-4
37,1,22,17,swap,move1,move1,2,move1,3-0,2-0,-1,-1
38,0,22,18,swap,move1,move2,2,move2,2-4,1-4,-1,-1
39,1,22,18,capture,move1,move2,0,capture,3-1,1-2,-1,-1
40,0,22,22,mobilize,move1,move2,0,mobilize,3-1,2-1,-1,-1
41,1,22,22,swap,move1,move2,0,swap,1-0,1-1,2-0,2-1
42,0,22,23,swap,move1,capture,2,capture,1-4,2-3,-1,-1
43,1,25,23,swap,move1,move2,2,move2,2-1,3-1,-1,-1
44,0,25,24,mobilize,move1,move2,0,mobilize,1-4,1-2,-1,-1
45,1,25,24,mobilize,move2,move2,1,move2,1-4,1-3,-1,-1
46,0,25,25,mobilize,capture,move2,1,capture,2-3,3-2,-1,-1
47,1,28,25,mobilize,mobilize,move2,1,mobilize,1-1,1-2,-1,-1
48,0,28,26,mobilize,move1,move2,1,move1,1-4,2-4,3-2,4-2
49,1,28,26,mobilize,move1,move2,1,move1,1-3,1-2,-1,-1
50,0,28,27,mobilize,move2,move2,1,move2,4-2,3-2,-1,-1
51,1,28,27,mobilize,move1,move2,1,move1,1-2,0-1,-1,-1
52,0,28,28,move1,move1,move2,0,move1,2-4,1-4,3-2,3-3
53,1,28,28,move1,move1,move1,2,move1,0-1,1-2,-1,-1
54,0,28,29,move1,move2,move1,1,move2,3-3,3-2,-1,-1
55,1,28,29,move1,move1,move1,1,move1,2-1,1-0,-1,-1
56,0,28,30,capture,move1,move1,0,capture,1-4,1-3,-1,-1
57,1,31,30,mobilize,move1,move1,0,mobilize,1-2,1-3,-1,-1
58,0,31,31,swap,move1,move1,0,swap,1-4,0-4,3-2,3-1
59,1,32,31,swap,move1,move1,0,swap,1-0,2-2,-1,-1
60,0,32,31,swap,move1,move1,0,swap,3-1,1-2,-1,-1
61,1,33,31,swap,move1,move1,0,swap,3-1,1-2,-1,-1
62,0,33,31,swap,capture,move1,1,capture,3-1,3-0,-1,-1
63,1,37,31,swap,move1,move1,1,move1,1-1,1-0,-1,-1
64,0,37,32,mobilize,move1,move1,0,mobilize,3-0,2-2,-1,-1
65,1,37,32,mobilize,move1,move1,1,move1,3-0,3-1,-1,-1
66,0,37,33,mobilize,move1,move2,2,move2,1-4,2-4,-1,-1
67,1,37,33,mobilize,move2,move2,1,move2,3-1,2-1,-1,-1
68,0,37,34,mobilize,move2,mobilize,2,mobilize,2-4,3-3,-1,-1
69,1,37,34,mobilize,capture,mobilize,1,capture,2-1,1-0,-1,-1
70,0,37,38,mobilize,move2,mobilize,1,move2,2-2,1-2,-1,-1
71,1,37,38,mobilize,move2,mobilize,1,move2,1-1,2-1,-1,-1
72,0,37,39,mobilize,move2,move1,2,move1,3-3,4-3,0-4,1-4
73,1,37,39,mobilize,mobilize,move1,1,mobilize,1-0,1-1,-1,-1
74,0,37,40,capture,mobilize,move1,0,capture,4-3,3-3,1-4,1-3
75,1,40,40,capture,mobilize,move1,0,capture,2-1,2-2,-1,-1
76,0,40,43,mobilize,mobilize,move1,0,mobilize,1-3,1-1,1-4,-1
77,1,41,43,move1,mobilize,move1,0,move1,2-1,2-2,1-0,1-1
78,0,41,43,move1,mobilize,capture,2,capture,1-4,0-4,-1,-1
79,1,42,43,move1,move2,capture,1,move2,1-1,1-2,2-0,2-1
80,0,42,46,move1,move2,move1,2,move1,1-3,1-2,-1,-1
81,1,43,46,mobilize,move2,move1,0,mobilize,1-0,1-1,-1,-1
82,0,43,46,move2,move2,move1,0,move2,3-3,3-2,1-3,1-4
83,1,44,46,move2,move2,move2,2,move2,1-1,1-2,-1,-1
84,0,44,46,swap,move2,move2,0,swap,1-4,2-3,-1,-1
85,1,45,46,swap,move2,move2,0,swap,1-2,3-2,-1,-1
86,0,45,47,capture,move2,move2,0,capture,1-2,2-2,-1,-1
87,1,48,47,capture,move2,move2,0,capture,1-2,2-2,-1,-1
88,0,48,48,capture,move2,mobilize,2,mobilize,2-3,2-2,-1,-1
89,1,51,48,move1,move2,mobilize,0,move1,1-2,2-2,-1,-1
90,0,51,49,move1,move1,mobilize,1,move1,2-4,2-2,-1,-1
91,1,51,49,move1,move1,swap,2,swap,1-2,1-1,3-2,3-1
92,0,51,50,move1,move2,swap,1,move2,0-4,0-3,-1,-1
93,1,51,50,move1,capture,swap,1,capture,1-1,2-0,-1,-1
94,0,51,54,move1,move1,swap,1,move1,2-2,2-1,-1,-1
95,1,51,54,mobilize,move1,swap,0,mobilize,3-1,2-1,-1,-1
96,0,51,55,mobilize,move1,swap,1,move1,0-3,0-4,-1,-1
97,1,51,55,mobilize,move2,swap,1,move2,1-0,1-1,-1,-1
98,0,51,56,capture,move2,swap,0,capture,1-4,2-4,0-4,0-3
99,1,54,56,move1,move2,swap,0,move1,2-1,2-2,-1,-1
100,0,54,56,move1,mobilize,swap,1,mobilize,2-4,1-3,-1,-1
